subspace_dimension,ritz_energy,exact_energy,absolute_error
1,2.48875,0.25,2.23875
2,1.586255075510891,0.25,1.336255075510891
3,1.1879914151992073,0.25,0.9379914151992073
4,0.7507940538453388,0.25,0.5007940538453388
5,0.374500919779178,0.25,0.12450091977917799
6,0.27072756701751816,0.25,0.020727567017518156
7,0.2531573934302349,0.25,0.0031573934302349116
8,0.25047226899383274,0.25,0.00047226899383273624
9,0.2500702615965565,0.25,7.026159655648678e-05
10,0.2500104254635567,0.25,1.042546355667362e-05
11,0.2500015440895957,0.25,1.544089595684195e-06
12,0.2500002283474221,0.25,2.2834742208210912e-07
13,0.25000003372402,0.25,3.3724020020997614e-08
14,0.25000000497438235,0.25,4.974382350475537e-09
15,0.250000000732844,0.25,7.328440077003506e-10
16,0.25000000010783663,0.25,1.0783662851565623e-10
17,0.25000000001584866,0.25,1.5848655721129035e-11
18,0.25000000000232897,0.25,2.328970349907422e-12
19,0.25000000000034284,0.25,3.4283687000424834e-13
20,0.2500000000000496,0.25,4.96269692007445e-14
